Locus	Region	Ratio
NP_003077	Con	2.5386013224378985
NP_004893	Con	121351.42635634111
NP_005079	Con	9516594.978886133
NP_005500	NonCon	7.382703020266491e-08
NP_055852	NonCon	10933217.708952725
