{"identifier": "tree-with-support.json", "data": "{\"newick\": \"(((LeafNose,FalseVamp)edge.8,(((LittleBro,FreeTaile)edge.9,(TombBat,RoundEare)edge.12)edge.3,(FlyingFox,DogFaced)edge.4)edge.11)edge.5,((Rhino,Horse)edge.7,(Pangolin,(Dog,Cat)edge.6)edge.14)edge.16,(Mole,(Llama,(Pig,(Cow,(Hippo,(SpermWhale,HumpbackW)edge.0)edge.13)edge.1)edge.10)edge.2)edge.15)\", \"edge_attributes\": {\"LeafNose\": {\"support\": 0.9999999999999998, \"length\": 0.05875326025305422}, \"FalseVamp\": {\"support\": 0.9999999999999998, \"length\": 0.06757997624873943}, \"edge.8\": {\"support\": 0.9902526839901907, \"length\": 0.0065350055279187365}, \"LittleBro\": {\"support\": 0.9999999999999998, \"length\": 0.05305067857254015}, \"FreeTaile\": {\"support\": 0.9999999999999998, \"length\": 0.039074640744720265}, \"edge.9\": {\"support\": 0.9902045663005435, \"length\": 0.008830076251716803}, \"TombBat\": {\"support\": 0.9999999999999998, \"length\": 0.05677898402568362}, \"RoundEare\": {\"support\": 0.9999999999999998, \"length\": 0.17867139684283728}, \"edge.12\": {\"support\": 0.7620988587835485, \"length\": 0.004953841959777618}, \"edge.3\": {\"support\": 0.9999999999999998, \"length\": 0.01066018542257186}, \"FlyingFox\": {\"support\": 0.9999999999999998, \"length\": 0.017973568947421283}, \"DogFaced\": {\"support\": 0.9999999999999998, \"length\": 0.03591495235502169}, \"edge.4\": {\"support\": 0.9999999999999998, \"length\": 0.046118374107826196}, \"edge.11\": {\"support\": 0.8421072334761641, \"length\": 0.0034242240924935437}, \"edge.5\": {\"support\": 0.9999999999999998, \"length\": 0.011357615613402238}, \"Rhino\": {\"support\": 0.9999999999999998, \"length\": 0.0338430788575288}, \"Horse\": {\"support\": 0.9999999999999998, \"length\": 0.04352669499555185}, \"edge.7\": {\"support\": 0.9999999999999998, \"length\": 0.012993153361755322}, \"Pangolin\": {\"support\": 0.9999999999999998, \"length\": 0.07419597417636184}, \"Dog\": {\"support\": 0.9999999999999998, \"length\": 0.0825688957228125}, \"Cat\": {\"support\": 0.9999999999999998, \"length\": 0.05515858047470305}, \"edge.6\": {\"support\": 0.9999999999999998, \"length\": 0.02578382506535349}, \"edge.14\": {\"support\": 0.704365030397214, \"length\": 0.0037059538098851625}, \"edge.16\": {\"support\": 0.2369292245286991, \"length\": 0.0016635914678559442}, \"Mole\": {\"support\": 0.9999999999999998, \"length\": 0.12047157195666189}, \"Llama\": {\"support\": 0.9999999999999998, \"length\": 0.058445128914319605}, \"Pig\": {\"support\": 0.9999999999999998, \"length\": 0.07427803088707134}, \"Cow\": {\"support\": 0.9999999999999998, \"length\": 0.08372679328561794}, \"Hippo\": {\"support\": 0.9999999999999998, \"length\": 0.050598455352514705}, \"SpermWhale\": {\"support\": 0.9999999999999998, \"length\": 0.015065107357941263}, \"HumpbackW\": {\"support\": 0.9999999999999998, \"length\": 0.01107253825494282}, \"edge.0\": {\"support\": 0.9999999999999998, \"length\": 0.022776651910049326}, \"edge.13\": {\"support\": 0.7537398550460416, \"length\": 0.003512485932888238}, \"edge.1\": {\"support\": 0.9999999999999998, \"length\": 0.008040760231107703}, \"edge.10\": {\"support\": 0.9111586241915816, \"length\": 0.004715885795071923}, \"edge.2\": {\"support\": 0.9999999999999998, \"length\": 0.0185582038344471}, \"edge.15\": {\"support\": 0.28863336004509416, \"length\": 0.001987169996462769}, \"root\": {\"length\": null}}, \"type\": \"cogent3.core.tree.PhyloNode\", \"version\": \"2019.10.24a\"}", "completed": true}